Timestamp,Device ID,RSSI
46312,0,86
46484,8,70
46657,15,84
46312,1,86
46484,9,72
46657,16,73
46312,2,88
46484,10,66
46691,0,86
46312,3,89
46484,11,66
46691,1,91
46312,4,82
46484,14,67
46691,2,88
46312,5,84
46484,15,84
46691,3,88
46312,6,72
46484,16,74
46691,4,85
46312,7,81
46519,0,87
46691,5,77
46312,8,73
46519,1,94
46691,6,75
46312,9,71
46519,2,88
46691,7,80
46312,10,70
46519,3,87
46691,8,72
46312,11,66
46519,4,89
46691,9,67
46347,0,86
46519,5,82
46691,10,66
46347,1,90
46519,6,79
46691,11,66
46347,2,89
46519,7,81
46691,14,69
46347,3,88
46519,8,71
46691,15,84
46347,4,86
46519,9,70
46691,16,79
46347,5,80
46519,10,66
46725,0,91
46347,6,76
46519,11,67
46725,1,91
46347,7,80
46519,14,67
46725,2,88
46347,8,75
46519,15,84
46725,3,89
46347,9,73
46519,16,76
46725,4,90
46347,10,73
46553,0,86
46725,5,82
46347,11,66
46553,1,86
46725,6,72
46347,14,64
46553,2,88
46725,7,84
46347,15,85
46553,3,87
46725,8,69
46347,16,76
46553,4,89
46725,9,71
46381,0,87
46553,5,84
46725,10,66
46381,1,86
46553,6,72
46725,11,66
46381,2,88
46553,7,78
46725,14,69
46381,3,90
46553,8,72
46725,15,86
46381,4,88
46553,9,72
46725,16,75
46381,5,77
46553,10,70
46760,0,87
46381,6,79
46553,11,66
46760,1,87
46381,7,82
46553,14,69
46760,2,88
46381,8,72
46553,15,84
46760,3,88
46381,9,74
46553,16,73
46760,4,87
46381,10,71
46588,0,88
46760,5,74
46381,11,66
46588,1,89
46760,6,77
46381,14,64
46588,2,88
46760,7,81
46381,15,84
46588,3,90
46760,8,73
46381,16,73
46588,4,88
46760,9,70
46415,0,91
46588,5,83
46760,10,66
46415,1,86
46588,6,79
46760,11,66
46415,2,88
46588,7,80
46760,15,86
46415,3,87
46588,8,71
46760,16,73
46415,4,83
46588,9,70
46794,0,89
46415,5,81
46588,10,66
46794,1,91
46415,6,77
46588,11,66
46794,2,88
46415,7,83
46588,14,68
46794,3,87
46415,8,73
46588,15,84
46794,4,86
46415,9,67
46588,16,75
46794,5,77
46415,10,73
46622,0,86
46794,6,79
46415,11,66
46622,1,88
46794,7,82
46415,14,69
46622,2,88
46794,8,71
46415,15,83
46622,3,87
46794,9,72
46415,16,79
46622,4,88
46794,10,66
46450,0,87
46622,5,84
46794,11,66
46450,1,89
46622,6,79
46794,15,87
46450,2,88
46622,7,81
46794,16,76
46450,3,87
46622,8,72
46829,0,89
46450,4,89
46622,9,68
46829,1,90
46450,5,79
46622,10,66
46829,2,88
46450,6,72
46622,11,66
46829,3,89
46450,7,80
46622,14,71
46829,4,86
46450,8,74
46622,15,84
46829,5,72
46450,9,72
46622,16,75
46829,6,78
46450,10,66
46657,0,89
46829,7,81
46450,11,66
46657,1,88
46829,8,69
46450,14,71
46657,2,90
46829,9,67
46450,15,85
46657,3,89
46829,10,66
46450,16,76
46657,4,87
46829,11,66
46484,0,91
46657,5,81
46829,15,84
46484,1,88
46657,6,72
46829,16,74
46484,2,88
46657,7,81
46863,0,90
46484,3,89
46657,8,72
46863,1,87
46484,4,84
46657,9,71
46863,2,92
46484,5,81
46657,10,66
46863,3,91
46484,6,77
46657,11,66
46863,4,83
46484,7,82
46657,14,69
46863,5,74
46863,6,76
47035,14,64
47241,2,90
46863,7,82
47035,15,87
47241,3,88
46863,8,73
47035,16,79
47241,4,83
46863,9,68
47070,0,78
47241,5,77
46863,10,65
47070,1,93
47241,6,78
46863,11,65
47070,2,93
47241,7,82
46863,15,84
47070,3,93
47241,8,74
46863,16,73
47070,4,87
47241,9,68
46898,0,85
47070,5,78
47241,10,66
46898,1,91
47070,6,74
47241,11,66
46898,2,90
47070,7,80
47241,14,67
46898,3,90
47070,8,69
47241,15,85
46898,4,86
47070,9,68
47241,16,83
46898,5,77
47070,10,69
47276,0,89
46898,6,76
47070,11,66
47276,1,88
46898,7,81
47070,14,64
47276,2,90
46898,8,69
47070,15,82
47276,3,88
46898,9,68
47070,16,88
47276,4,86
46898,10,66
47104,0,92
47276,5,73
46898,11,65
47104,1,92
47276,6,72
46898,14,64
47104,2,88
47276,7,82
46898,15,83
47104,3,88
47276,8,71
46898,16,75
47104,4,86
47276,9,69
46932,0,84
47104,5,72
47276,10,66
46932,1,92
47104,6,72
47276,11,66
46932,2,90
47104,7,78
47276,14,64
46932,3,91
47104,8,75
47276,15,82
46932,4,87
47104,9,69
47276,16,87
46932,5,75
47104,10,66
47310,0,86
46932,6,78
47104,11,66
47310,1,88
46932,7,82
47104,14,67
47310,2,90
46932,8,71
47104,15,83
47310,3,89
46932,9,70
47104,16,77
47310,4,88
46932,10,65
47138,0,89
47310,5,72
46932,11,65
47138,1,88
47310,6,78
46932,14,64
47138,2,90
47310,7,82
46932,15,83
47138,3,89
47310,8,74
46932,16,72
47138,4,88
47310,9,71
46966,0,84
47138,5,72
47310,10,68
46966,1,92
47138,6,72
47310,11,66
46966,2,90
47138,7,78
47310,14,65
46966,3,85
47138,8,71
47310,15,82
46966,4,91
47138,9,69
47310,16,87
46966,5,77
47138,10,66
47345,0,90
46966,6,79
47138,11,66
47345,1,88
46966,7,81
47138,14,64
47345,2,88
46966,8,69
47138,15,84
47345,3,88
46966,9,68
47138,16,77
47345,4,89
46966,10,66
47173,0,86
47345,5,72
46966,11,65
47173,1,87
47345,6,78
46966,14,64
47173,2,88
47345,7,78
46966,15,85
47173,3,87
47345,8,76
46966,16,73
47173,4,81
47345,9,69
47001,0,85
47173,5,74
47345,10,66
47001,1,86
47173,6,78
47345,11,66
47001,2,92
47173,7,84
47345,14,64
47001,3,86
47173,8,71
47345,15,82
47001,4,91
47173,9,67
47345,16,76
47001,5,77
47173,10,66
47379,0,86
47001,6,80
47173,11,66
47379,1,88
47001,7,81
47173,14,67
47379,2,88
47001,8,71
47173,15,84
47379,3,87
47001,9,67
47173,16,84
47379,4,88
47001,10,66
47207,0,90
47379,5,81
47001,11,65
47207,1,88
47379,6,76
47001,14,64
47207,2,89
47379,7,80
47001,15,82
47207,3,89
47379,8,69
47001,16,84
47207,4,91
47379,9,69
47035,0,83
47207,5,72
47379,10,66
47035,1,82
47207,6,72
47379,11,66
47035,2,90
47207,7,84
47379,14,67
47035,3,88
47207,8,74
47379,15,83
47035,4,86
47207,9,70
47379,16,77
47035,5,75
47207,10,67
47413,0,88
47035,6,76
47207,11,66
47413,1,92
47035,7,80
47207,14,64
47413,2,88
47035,8,70
47207,15,82
47413,3,90
47035,9,68
47207,16,79
47413,4,81
47035,10,67
47241,0,88
47413,5,82
47035,11,66
47241,1,91
47413,6,76
47413,7,81
47585,14,65
47792,7,78
47413,8,74
47585,15,82
47792,8,69
47413,9,67
47585,16,77
47792,11,66
47413,10,66
47620,0,92
47792,14,64
47413,11,69
47620,1,93
47792,15,82
47413,14,66
47620,2,88
47792,16,80
47413,15,86
47620,3,89
47826,0,91
47413,16,80
47620,4,86
47826,1,93
47448,0,89
47620,5,82
47826,2,94
47448,1,88
47620,6,73
47826,3,87
47448,2,88
47620,7,78
47826,4,81
47448,3,89
47620,8,76
47826,5,85
47448,4,88
47620,9,67
47826,6,71
47448,5,78
47620,10,66
47826,7,78
47448,6,78
47620,11,66
47826,8,70
47448,7,78
47620,14,64
47826,10,74
47448,8,76
47620,15,86
47826,11,67
47448,9,67
47620,16,77
47826,14,71
47448,10,66
47654,0,93
47826,15,91
47448,11,66
47654,1,89
47826,16,76
47448,14,66
47654,2,90
47861,0,88
47448,15,82
47654,3,89
47861,1,93
47448,16,79
47654,4,86
47861,2,94
47482,0,89
47654,5,82
47861,3,87
47482,1,93
47654,6,79
47861,4,81
47482,2,88
47654,7,78
47861,5,78
47482,3,89
47654,8,76
47861,6,78
47482,4,88
47654,9,71
47861,7,84
47482,5,72
47654,11,67
47861,8,71
47482,6,76
47654,14,65
47861,10,76
47482,7,81
47654,15,82
47861,11,66
47482,8,74
47654,16,77
47861,14,69
47482,9,67
47689,0,88
47861,15,86
47482,10,66
47689,1,88
47861,16,77
47482,11,66
47689,2,94
47895,0,92
47482,14,64
47689,3,88
47895,1,93
47482,15,82
47689,4,92
47895,2,88
47482,16,93
47689,5,81
47895,3,89
47517,0,86
47689,6,72
47895,4,88
47517,1,92
47689,7,78
47895,5,78
47517,2,88
47689,8,76
47895,6,78
47517,3,87
47689,9,67
47895,7,84
47517,4,87
47689,11,66
47895,8,69
47517,5,72
47689,14,64
47895,9,72
47517,6,72
47689,15,84
47895,10,66
47517,7,78
47689,16,90
47895,11,66
47517,8,71
47723,0,86
47895,14,65
47517,9,69
47723,1,93
47895,15,86
47517,10,66
47723,2,88
47895,16,77
47517,11,66
47723,3,87
47929,0,92
47517,14,64
47723,4,88
47929,1,90
47517,15,82
47723,5,76
47929,2,90
47517,16,84
47723,6,76
47929,3,87
47551,0,92
47723,7,82
47929,4,81
47551,1,91
47723,8,69
47929,5,78
47551,2,88
47723,11,66
47929,6,71
47551,3,89
47723,14,64
47929,7,80
47551,4,88
47723,15,82
47929,8,71
47551,5,72
47723,16,92
47929,9,71
47551,6,78
47757,0,86
47929,10,72
47551,7,78
47757,1,88
47929,11,67
47551,8,72
47757,2,90
47929,14,69
47551,9,67
47757,3,87
47929,15,88
47551,10,66
47757,4,81
47929,16,77
47551,11,67
47757,5,78
47964,0,85
47551,14,64
47757,6,72
47964,1,88
47551,15,82
47757,7,78
47964,2,90
47551,16,93
47757,8,74
47964,3,87
47585,0,93
47757,9,67
47964,4,87
47585,1,88
47757,11,67
47964,5,82
47585,2,91
47757,14,65
47964,6,71
47585,3,87
47757,15,82
47964,7,84
47585,4,92
47757,16,77
47964,8,71
47585,5,82
47792,0,86
47964,9,71
47585,6,71
47792,1,88
47964,10,71
47585,7,82
47792,2,88
47964,11,66
47585,8,74
47792,3,89
47964,14,69
47585,9,67
47792,4,88
47964,15,89
47585,10,71
47792,5,73
47964,16,77
47585,11,69
47792,6,79
47998,0,93
47998,1,88
48170,6,76
48342,14,71
47998,2,88
48170,7,81
48342,15,84
47998,3,87
48170,8,74
48342,16,78
47998,4,88
48170,9,67
48377,0,90
47998,5,85
48170,10,66
48377,1,87
47998,6,76
48170,11,66
48377,2,90
47998,7,78
48170,14,71
48377,3,87
47998,8,76
48170,15,86
48377,4,87
47998,9,68
48170,16,80
48377,5,77
47998,10,74
48205,0,88
48377,6,76
47998,11,67
48205,1,88
48377,7,78
47998,14,69
48205,2,88
48377,8,73
47998,15,85
48205,3,88
48377,9,67
47998,16,77
48205,4,81
48377,10,69
48033,0,86
48205,5,82
48377,14,64
48033,1,88
48205,6,78
48377,15,83
48033,2,89
48205,7,82
48377,16,87
48033,3,87
48205,8,71
48411,0,86
48033,4,86
48205,9,74
48411,1,88
48033,5,78
48205,10,68
48411,2,92
48033,6,76
48205,11,67
48411,3,87
48033,7,77
48205,14,69
48411,4,88
48033,8,71
48205,15,82
48411,5,82
48033,9,71
48205,16,77
48411,6,78
48033,10,72
48239,0,89
48411,7,81
48033,11,67
48239,1,92
48411,8,73
48033,14,71
48239,2,89
48411,9,70
48033,15,91
48239,3,87
48411,10,69
48033,16,82
48239,4,87
48411,11,67
48067,0,92
48239,5,78
48411,14,66
48067,1,90
48239,6,76
48411,15,86
48067,2,92
48239,7,78
48411,16,77
48067,3,86
48239,8,71
48446,0,86
48067,4,88
48239,9,70
48446,1,89
48067,5,82
48239,10,67
48446,2,89
48067,6,72
48239,11,66
48446,3,87
48067,7,78
48239,14,67
48446,4,89
48067,8,70
48239,15,85
48446,5,82
48067,9,71
48239,16,91
48446,6,71
48067,10,66
48274,0,91
48446,7,78
48067,11,67
48274,1,93
48446,8,72
48067,14,69
48274,2,94
48446,9,72
48067,15,86
48274,3,87
48446,10,66
48067,16,78
48274,4,92
48446,11,66
48102,0,92
48274,5,81
48446,14,65
48102,1,91
48274,6,76
48446,15,86
48102,2,88
48274,7,78
48446,16,77
48102,3,87
48274,8,76
48480,0,91
48102,4,93
48274,9,67
48480,1,89
48102,5,78
48274,10,73
48480,2,89
48102,6,77
48274,11,67
48480,3,89
48102,7,82
48274,14,71
48480,4,88
48102,8,70
48274,15,82
48480,5,78
48102,9,72
48274,16,77
48480,6,78
48102,10,76
48308,0,85
48480,7,79
48102,11,67
48308,1,88
48480,8,75
48102,14,72
48308,2,88
48480,9,68
48102,15,82
48308,3,87
48480,10,71
48102,16,78
48308,4,88
48480,11,66
48136,0,92
48308,5,82
48480,14,66
48136,1,88
48308,6,78
48480,15,82
48136,2,88
48308,7,81
48480,16,82
48136,3,88
48308,8,74
48515,0,93
48136,4,93
48308,9,71
48515,1,88
48136,5,78
48308,10,76
48515,2,87
48136,6,78
48308,14,69
48515,3,88
48136,7,78
48308,15,86
48515,4,81
48136,8,71
48308,16,81
48515,5,80
48136,9,74
48342,0,86
48515,6,76
48136,10,68
48342,1,89
48515,7,81
48136,11,67
48342,2,88
48515,8,71
48136,14,71
48342,3,87
48515,9,71
48136,15,82
48342,4,86
48515,10,66
48136,16,77
48342,5,85
48515,11,67
48170,0,86
48342,6,78
48515,14,68
48170,1,88
48342,7,84
48515,15,87
48170,2,88
48342,8,74
48515,16,80
48170,3,87
48342,9,71
48549,0,93
48170,4,88
48342,10,73
48549,1,88
48170,5,85
48342,11,66
48549,2,88
48549,3,89
48721,14,67
48928,7,80
48549,4,92
48721,15,86
48928,8,72
48549,5,82
48721,16,76
48928,9,72
48549,6,72
48756,0,88
48928,10,72
48549,7,78
48756,1,90
48928,14,67
48549,8,74
48756,2,88
48928,15,85
48549,9,73
48756,3,89
48928,16,80
48549,10,71
48756,4,86
48962,0,90
48549,11,67
48756,5,81
48962,1,93
48549,14,69
48756,6,71
48962,2,91
48549,15,82
48756,7,83
48962,3,91
48549,16,77
48756,8,75
48962,4,92
48584,0,86
48756,9,73
48962,5,88
48584,1,91
48756,10,72
48962,6,73
48584,2,91
48756,14,67
48962,7,85
48584,3,88
48756,15,86
48962,8,75
48584,4,88
48756,16,77
48962,9,77
48584,5,79
48790,0,87
48962,10,90
48584,6,72
48790,1,88
48962,14,69
48584,7,78
48790,2,88
48962,15,85
48584,8,74
48790,3,87
48962,16,80
48584,9,71
48790,4,92
48997,0,93
48584,10,66
48790,5,82
48997,1,94
48584,11,66
48790,6,79
48997,2,94
48584,14,69
48790,7,81
48997,3,94
48584,15,86
48790,8,76
48997,4,94
48584,16,77
48790,9,70
48997,5,91
48618,0,92
48790,10,68
48997,6,92
48618,1,93
48790,14,71
48997,7,88
48618,2,90
48790,15,82
48997,8,89
48618,3,87
48790,16,80
48997,9,90
48618,4,88
48825,0,91
48997,10,82
48618,5,74
48825,1,88
48997,14,68
48618,6,72
48825,2,91
48997,15,93
48618,7,82
48825,3,88
48997,16,76
48618,8,71
48825,4,89
49031,0,94
48618,9,71
48825,5,79
49031,1,94
48618,10,73
48825,6,77
49031,2,93
48618,14,64
48825,7,81
49031,3,92
48618,15,90
48825,8,72
49031,4,94
48618,16,77
48825,9,71
49031,5,94
48652,0,89
48825,10,68
49031,6,89
48652,1,93
48825,14,69
49031,7,90
48652,2,88
48825,15,85
49031,8,87
48652,3,88
48825,16,84
49031,9,80
48652,4,91
48859,0,90
49031,10,78
48652,5,82
48859,1,88
49031,14,70
48652,6,77
48859,2,88
49031,15,90
48652,7,78
48859,3,89
49031,16,84
48652,8,71
48859,4,88
49065,0,93
48652,9,71
48859,5,78
49065,1,94
48652,10,68
48859,6,78
49065,2,93
48652,14,72
48859,7,82
49065,3,92
48652,15,84
48859,8,69
49065,5,94
48652,16,76
48859,9,74
49065,6,84
48687,0,91
48859,10,76
49065,7,89
48687,1,91
48859,14,69
49065,8,83
48687,2,90
48859,15,86
49065,9,87
48687,3,88
48859,16,78
49065,10,86
48687,4,87
48893,0,91
49065,14,82
48687,5,85
48893,1,88
49065,15,89
48687,6,77
48893,2,89
49065,16,71
48687,7,78
48893,3,87
49100,0,93
48687,8,76
48893,4,83
49100,1,92
48687,9,67
48893,5,85
49100,2,91
48687,10,71
48893,6,72
49100,3,90
48687,14,71
48893,7,84
49100,4,93
48687,15,82
48893,8,71
49100,5,93
48687,16,76
48893,9,71
49100,6,93
48721,0,92
48893,10,76
49100,7,94
48721,1,93
48893,14,71
49100,8,89
48721,2,89
48893,15,82
49100,10,93
48721,3,87
48893,16,80
49100,14,93
48721,4,88
48928,0,92
49100,15,92
48721,5,77
48928,1,94
49100,16,81
48721,6,72
48928,2,92
49134,0,94
48721,7,78
48928,3,89
49134,1,94
48721,8,71
48928,4,82
49134,2,85
48721,9,71
48928,5,77
49134,3,92
48721,10,73
48928,6,77
49134,4,94
49134,5,94
49682,3,94
50059,3,93
49134,6,91
49682,5,94
50059,6,87
49134,7,94
49682,6,88
50059,8,82
49134,8,94
49682,7,90
50059,9,85
49134,10,93
49682,9,93
50059,10,92
49134,14,94
49682,10,91
50059,11,94
49134,15,94
49682,14,94
50094,3,92
49134,16,87
49716,3,88
50094,6,90
49168,9,91
49716,6,92
50094,8,94
49202,5,94
49716,8,69
50094,9,92
49237,10,94
49716,9,92
50128,0,91
49271,6,94
49716,10,90
50128,3,94
49271,9,88
49751,3,94
50128,5,93
49271,10,94
49751,8,94
50128,6,94
49339,10,94
49751,9,94
50128,7,94
49374,9,94
49751,10,90
50128,8,94
49374,10,93
49751,16,93
50128,9,93
49408,2,94
49785,0,93
50128,10,90
49408,3,88
49785,3,81
50162,2,93
49408,8,94
49785,6,92
50162,3,94
49408,9,93
49785,7,94
50162,6,94
49408,10,78
49785,8,94
50162,8,94
49408,15,94
49785,9,89
50162,11,93
49442,0,91
49785,10,94
50196,2,94
49442,2,94
49785,16,92
50196,3,94
49442,3,94
49819,0,94
50196,4,94
49442,5,94
49819,2,94
50196,5,86
49442,6,91
49819,3,83
50196,6,93
49442,7,93
49819,6,83
50196,7,94
49442,8,94
49819,8,93
50196,8,93
49442,9,94
49819,9,92
50196,9,93
49442,10,90
49819,10,94
50196,10,81
49442,16,94
49819,16,92
50196,16,94
49476,0,93
49853,0,92
50231,0,94
49476,1,94
49853,2,94
50231,6,94
49476,2,93
49853,3,93
50231,8,94
49476,5,94
49853,4,94
50231,9,94
49476,7,88
49853,8,88
50231,10,94
49476,8,69
49853,9,90
50265,2,94
49476,14,86
49853,10,93
50265,6,94
49511,0,76
49853,16,94
50265,8,87
49511,4,94
49888,0,94
50265,10,94
49511,6,94
49888,3,92
50265,11,94
49511,8,94
49888,6,89
50299,0,94
49511,9,94
49888,7,94
50299,2,91
49545,0,94
49888,8,91
50299,3,94
49545,1,93
49888,9,89
50299,6,94
49545,2,94
49888,10,92
50299,8,85
49545,4,94
49922,0,94
50299,9,94
49545,5,89
49922,3,93
50299,11,81
49545,6,94
49922,5,94
50299,15,89
49545,7,92
49922,6,93
50333,0,92
49545,8,94
49922,7,94
50333,3,94
49545,14,94
49922,8,79
50333,5,94
49545,15,94
49922,9,90
50333,8,94
49579,0,92
49922,10,90
50333,10,87
49579,2,94
49922,16,91
50368,0,89
49579,3,94
49956,0,82
50368,4,93
49579,4,94
49956,3,94
50368,5,94
49579,5,93
49956,4,94
50368,6,92
49579,6,93
49956,5,94
50368,9,91
49579,8,92
49956,6,84
50368,10,93
49579,9,94
49956,8,87
50368,16,93
49579,10,93
49956,9,94
50402,4,94
49614,0,94
49991,0,92
50402,5,94
49614,3,94
49991,2,94
50402,6,85
49614,6,94
49991,5,94
50402,9,92
49614,8,93
49991,6,94
50402,10,94
49614,9,94
49991,8,94
50402,15,94
49614,10,94
49991,10,93
50402,16,90
49648,0,94
49991,11,94
50436,0,94
49648,2,89
49991,15,93
50436,4,94
49648,3,92
49991,16,94
50436,5,94
49648,6,82
50025,3,91
50436,6,84
49648,7,94
50025,5,94
50436,9,92
49648,9,94
50025,6,93
50436,10,94
49648,10,84
50025,7,94
50470,0,92
49648,16,94
50025,8,93
50470,6,85
49682,1,94
50025,9,93
50470,9,92
49682,2,92
50059,0,94
50470,10,93
50470,16,83
50950,6,90
51806,9,94
50505,0,88
50950,8,77
51840,9,94
50505,2,94
50950,9,94
51875,5,94
50505,5,94
50950,10,75
51875,6,94
50505,7,94
50950,11,73
51875,9,94
50505,10,92
50950,16,93
51909,5,94
50505,15,94
50984,0,94
51909,9,94
50539,1,94
50984,2,93
51943,0,94
50539,2,94
50984,4,93
51943,2,94
50539,6,70
50984,6,83
51943,4,80
50539,7,94
50984,8,92
51943,6,94
50539,9,94
50984,9,94
51943,8,73
50573,0,94
50984,10,94
51943,11,94
50573,2,89
50984,11,71
51977,4,82
50573,5,94
50984,15,94
51977,8,73
50573,6,93
51019,2,94
51977,10,94
50573,7,94
51019,6,92
52012,4,80
50573,9,94
51019,8,93
52012,6,94
50573,10,94
51019,11,94
52012,8,84
50573,16,94
51053,0,91
52046,0,94
50607,0,94
51053,2,94
52046,4,81
50607,2,90
51053,5,94
52046,8,80
50607,8,91
51053,9,93
52046,10,94
50607,11,91
51053,10,92
52046,15,94
50607,15,93
51053,16,91
52080,2,94
50607,16,94
51087,0,94
52080,4,94
50642,0,94
51087,2,94
52080,5,94
50642,2,87
51087,5,93
52080,6,94
50642,6,94
51087,9,94
52080,8,94
50642,9,92
51087,10,94
52080,9,93
50642,10,94
51087,16,94
52080,10,94
50642,11,93
51121,0,93
52080,11,77
50676,2,94
51121,2,94
52114,0,94
50676,8,94
51121,5,93
52114,2,94
50676,11,87
51121,8,94
52114,6,94
50676,15,92
51121,9,93
52114,9,93
50710,0,90
51121,10,90
52114,10,94
50710,2,93
51121,16,94
52114,16,92
50710,4,94
51156,0,86
52149,5,94
50710,6,94
51156,5,94
52149,9,93
50710,9,94
51156,7,94
52149,16,94
50710,10,92
51156,8,84
52183,9,94
50710,11,93
51156,9,94
52217,2,93
50710,16,94
51156,10,94
52217,4,93
50744,0,93
51190,0,94
52217,5,94
50744,2,86
51190,5,88
52217,6,90
50744,5,94
51190,8,78
52217,8,93
50744,9,94
51190,9,94
52217,9,86
50744,10,94
51190,16,92
52217,10,94
50744,11,94
51224,0,94
52251,2,93
50744,15,93
51224,2,94
52251,4,93
50744,16,94
51224,5,94
52251,5,93
50779,2,89
51224,8,94
52251,6,92
50779,6,94
51224,10,94
52251,7,94
50779,11,94
51224,16,93
52251,8,94
50813,2,77
51258,2,94
52251,9,87
50813,10,94
51293,2,94
52286,2,85
50813,11,94
51327,5,94
52286,4,90
50847,0,94
51327,9,94
52286,5,93
50847,2,93
51361,5,94
52286,6,92
50847,4,89
51361,16,94
52286,9,94
50847,6,94
51430,2,94
52286,15,92
50847,10,92
51430,8,93
52320,2,92
50847,11,94
51430,9,94
52320,4,89
50847,16,93
51430,10,94
52320,6,93
50881,0,94
51464,2,94
52320,9,94
50881,2,78
51464,5,94
52354,2,93
50881,4,94
51464,10,94
52354,4,85
50881,10,94
51464,15,94
52354,6,82
50881,16,92
51498,5,92
52354,9,94
50916,0,94
51498,6,94
52388,2,71
50916,2,83
51498,8,94
52388,4,88
50916,4,94
51498,15,92
52388,6,89
50916,9,94
51532,5,94
52388,9,94
50916,10,94
51601,6,94
52388,10,91
50916,11,93
51669,9,94
52388,15,94
50916,16,94
51703,9,94
52423,0,87
50950,0,85
51703,15,94
52423,2,90
50950,2,93
51772,5,94
52423,4,92
50950,4,86
51772,9,94
52423,6,94
52423,9,94
53211,5,94
54169,16,94
52423,10,88
53211,10,94
54203,5,94
52423,15,74
53245,5,92
54203,8,94
52457,0,76
53245,9,92
54203,9,94
52457,2,72
53245,10,94
54203,16,94
52457,4,93
53245,15,94
54238,0,94
52457,5,93
53279,5,94
54238,5,94
52457,6,85
53279,10,94
54238,8,94
52457,10,64
53313,2,94
54238,9,93
52457,15,92
53313,5,91
54272,9,93
52492,0,91
53348,0,94
54306,5,94
52492,2,87
53348,5,92
54306,8,94
52492,4,86
53348,9,94
54340,0,94
52492,5,93
53348,10,94
54375,5,94
52492,6,93
53348,16,94
54409,0,82
52492,8,91
53382,7,94
54409,2,94
52492,9,94
53382,9,94
54409,7,94
52492,10,93
53382,10,94
54409,8,90
52492,11,94
53416,2,94
54409,9,92
52492,15,94
53416,9,94
54409,10,91
52526,0,88
53450,7,94
54443,0,92
52526,2,83
53450,9,94
54443,2,94
52526,4,92
53485,10,93
54443,5,94
52526,6,85
53519,7,94
54443,7,94
52526,7,94
53519,9,86
54443,8,94
52526,8,94
53519,10,93
54443,9,94
52526,9,94
53519,15,94
54443,10,94
52526,10,87
53553,7,94
54443,15,93
52526,15,93
53553,8,94
54477,0,94
52560,0,94
53553,9,93
54477,7,94
52560,2,93
53553,10,93
54477,8,91
52560,5,93
53587,10,94
54477,9,94
52560,9,94
53690,7,94
54477,10,94
52560,10,93
53690,9,90
54477,15,94
52560,15,87
53724,0,93
54512,5,93
52594,0,94
53724,5,92
54512,9,94
52594,2,83
53724,9,93
54512,16,93
52594,7,94
53724,16,94
54546,0,94
52594,9,94
53758,0,94
54546,5,93
52594,10,89
53758,5,94
54546,9,92
52629,0,94
53793,5,94
54546,16,89
52629,2,94
53827,5,94
54580,0,94
52629,5,93
53895,5,94
54580,5,94
52629,10,93
53930,5,94
54580,8,94
52629,15,94
53930,7,94
54580,9,94
52663,0,94
53930,8,94
54580,15,94
52663,2,93
53930,9,94
54580,16,94
52663,5,94
53930,16,94
54614,0,94
52663,9,94
53964,5,94
54614,5,80
52663,10,92
53964,8,94
54614,9,94
52663,15,91
53964,15,94
54614,15,94
52697,2,93
53998,7,94
54614,16,94
52697,5,94
53998,16,94
54649,0,94
52697,7,94
54032,2,94
54649,5,94
52697,10,94
54032,5,94
54649,7,94
52731,0,94
54032,7,94
54649,8,93
52731,2,85
54032,9,91
54649,9,93
52731,8,94
54066,0,93
54683,0,93
52731,9,88
54066,2,80
54683,5,94
52731,10,83
54066,7,94
54683,7,94
52731,15,89
54066,8,78
54683,9,93
52766,0,94
54066,9,88
54717,0,87
52766,8,94
54066,10,94
54717,1,94
52766,10,81
54066,15,93
54717,7,94
52766,15,88
54101,5,94
54717,10,94
52800,5,94
54101,8,94
54717,14,94
52800,8,84
54101,9,94
54751,5,94
52800,15,94
54101,16,93
54751,7,94
52834,2,94
54135,0,92
54751,9,94
52834,10,94
54135,5,94
54784,9,94
52834,15,93
54135,7,94
54784,16,94
52868,0,94
54135,8,93
54818,0,94
52903,0,94
54135,9,94
54818,5,94
52903,2,94
54135,15,94
54818,7,94
52903,10,92
54135,16,94
54818,8,91
52937,5,94
54169,0,94
54818,9,94
52937,15,94
54169,1,94
54818,10,94
52971,11,94
54169,2,94
54818,11,94
53176,5,94
54169,7,94
54818,15,94
53176,10,94
54169,9,94
54818,16,94
54852,0,94
55501,10,91
56152,11,94
54852,5,94
55501,11,93
56186,0,94
54852,8,89
55536,0,89
56186,8,94
54852,9,94
55536,5,94
56186,16,93
54852,11,94
55536,8,94
56221,0,94
54852,15,94
55536,9,94
56221,8,94
54887,0,93
55536,10,86
56221,10,94
54887,1,94
55536,11,94
56221,16,94
54887,2,94
55570,0,94
56255,2,94
54887,5,94
55570,10,93
56255,9,93
54887,7,94
55570,15,94
56255,10,93
54887,8,92
55604,0,94
56255,11,94
54887,9,92
55638,0,94
56255,16,91
54887,10,94
55638,10,94
56289,0,94
54887,11,93
55673,0,94
56289,2,94
54887,15,94
55673,5,94
56289,9,94
54921,0,86
55673,10,94
56289,10,94
54921,5,94
55673,15,94
56289,11,94
54921,15,71
55707,0,94
56289,15,91
54955,8,94
55707,5,94
56289,16,93
54955,9,94
55741,0,94
56323,0,93
54955,11,94
55741,5,88
56323,2,94
54955,15,71
55741,15,94
56323,8,86
54989,0,94
55741,16,94
56323,9,92
54989,5,94
55775,0,94
56323,10,94
54989,9,94
55775,5,91
56323,15,93
54989,10,92
55775,8,94
56323,16,93
54989,11,94
55775,9,94
56358,5,93
54989,15,88
55775,10,94
56358,10,94
55024,0,92
55775,15,94
56358,11,77
55024,5,90
55775,16,93
56358,16,91
55024,8,94
55809,0,94
56392,0,86
55024,9,94
55809,5,93
56392,5,94
55024,10,93
55809,8,90
56392,8,94
55024,11,94
55809,15,94
56392,11,88
55024,16,94
55844,0,94
56426,0,94
55058,0,93
55844,2,94
56426,5,90
55058,11,94
55844,5,94
56426,8,76
55092,0,94
55844,8,60
56426,10,94
55092,5,94
55844,15,94
56426,11,78
55126,0,93
55878,0,76
56426,16,94
55126,2,94
55878,2,94
56461,0,94
55126,5,94
55878,5,94
56461,5,85
55126,8,94
55878,8,92
56461,11,81
55126,11,94
55878,9,94
56461,16,93
55161,0,93
55878,10,94
56495,0,94
55161,5,94
55878,16,94
56495,5,66
55161,8,94
55912,0,94
56495,11,67
55161,10,94
55912,8,78
56495,16,88
55161,11,94
55947,0,93
56529,0,94
55161,16,94
55947,8,80
56529,5,82
55195,0,94
55981,0,76
56529,11,69
55195,5,94
55981,8,79
56529,16,92
55195,10,91
55981,10,94
56563,0,94
55229,0,92
56015,0,84
56563,5,82
55229,5,93
56015,2,94
56563,11,94
55229,8,94
56015,5,94
56563,15,93
55229,10,92
56015,8,91
56563,16,93
55263,5,94
56015,9,94
56598,0,94
55330,0,94
56015,10,94
56598,5,70
55330,5,94
56015,11,94
56598,11,92
55364,0,93
56015,16,94
56598,16,91
55364,2,94
56049,0,68
56632,0,94
55364,8,94
56049,8,67
56632,5,87
55364,10,86
56049,9,94
56632,11,94
55364,11,93
56049,15,94
56632,16,94
55364,16,94
56084,0,93
56666,0,94
55398,5,94
56084,5,94
56666,5,92
55398,10,94
56084,8,75
56666,9,94
55433,0,92
56084,11,94
56666,11,94
55433,5,94
56084,16,93
56666,16,93
55433,10,94
56118,0,94
56700,2,92
55433,11,93
56118,2,94
56700,5,92
55467,0,93
56118,9,93
56700,9,93
55467,5,94
56118,10,94
56700,10,93
55467,10,94
56118,15,92
56735,0,94
55467,11,94
56152,0,92
56735,2,94
55501,0,84
56152,2,94
56735,5,94
55501,5,94
56152,9,94
56735,9,92
55501,8,94
56152,10,93
56735,10,94
56735,11,94
57420,5,94
58037,0,94
56735,15,94
57420,8,94
58037,2,90
56769,10,94
57420,10,94
58037,8,79
56803,2,94
57454,0,94
58037,9,70
56803,8,94
57454,2,94
58037,10,66
56803,9,94
57454,8,94
58037,15,93
56838,0,94
57454,9,94
58071,0,94
56838,2,91
57454,10,94
58071,2,89
56838,5,94
57454,16,94
58071,8,84
56838,9,94
57488,0,94
58071,9,76
56838,10,92
57488,8,90
58071,10,68
56838,11,93
57488,9,94
58071,15,93
56838,15,93
57488,10,94
58105,0,94
56872,2,93
57488,15,94
58105,2,90
56872,8,93
57523,0,94
58105,8,85
56872,9,93
57523,2,94
58105,9,75
56872,15,94
57523,8,94
58105,10,70
56906,2,94
57523,10,93
58105,15,93
56906,8,94
57557,0,94
58140,0,94
56906,15,94
57557,8,89
58140,2,92
56940,0,91
57557,10,94
58140,8,82
56940,2,93
57591,8,88
58140,9,82
56940,5,94
57625,8,93
58140,10,72
56940,8,84
57660,8,94
58140,15,93
56940,9,93
57694,8,94
58174,0,94
56940,10,88
57694,15,87
58174,2,89
56940,15,92
57728,0,94
58174,8,77
56940,16,93
57728,2,91
58174,9,72
56975,0,93
57728,8,86
58174,10,68
56975,2,93
57728,9,89
58174,15,93
56975,8,94
57728,10,69
58208,0,94
56975,9,94
57728,16,94
58208,2,93
56975,10,89
57762,0,94
58208,8,72
56975,15,84
57762,2,94
58208,9,69
57009,8,94
57762,8,92
58208,10,72
57009,9,94
57762,9,91
58208,15,93
57009,15,94
57762,10,74
58243,0,94
57043,2,93
57762,15,93
58243,2,88
57043,8,72
57797,0,94
58243,8,72
57043,9,93
57797,2,92
58243,9,71
57043,10,94
57797,8,91
58243,10,70
57043,15,94
57797,9,70
58243,15,92
57077,2,93
57797,10,69
58277,0,94
57077,8,94
57797,15,94
58277,2,89
57077,9,94
57831,0,94
58277,8,88
57077,15,94
57831,2,90
58277,9,71
57112,8,90
57831,8,93
58277,10,68
57112,9,94
57831,9,74
58277,15,93
57112,10,94
57831,10,67
58311,0,94
57112,15,93
57831,15,91
58311,2,89
57146,0,90
57865,0,94
58311,8,88
57146,8,94
57865,2,94
58311,9,71
57146,9,94
57865,8,93
58311,10,68
57146,10,94
57865,9,72
58311,15,92
57146,15,88
57865,10,65
58345,0,94
57146,16,94
57865,15,93
58345,2,89
57180,8,94
57900,0,94
58345,8,73
57214,0,94
57900,2,93
58345,9,74
57214,5,94
57900,8,75
58345,10,68
57249,2,94
57900,9,73
58345,15,92
57249,10,94
57900,10,72
58380,0,94
57249,15,94
57900,15,93
58380,2,90
57249,16,94
57934,0,94
58380,8,71
57283,0,94
57934,2,88
58380,9,73
57283,2,94
57934,8,77
58380,10,71
57283,10,94
57934,9,72
58380,15,93
57283,15,94
57934,10,69
58414,0,94
57317,0,94
57934,15,92
58414,2,90
57317,2,94
57968,0,94
58414,8,78
57317,8,86
57968,2,92
58414,9,73
57317,9,94
57968,8,80
58414,10,68
57317,10,94
57968,9,76
58414,15,92
57351,8,78
57968,10,68
58448,0,94
57351,9,94
57968,15,93
58448,2,91
57386,0,93
58002,0,94
58448,8,74
57386,5,93
58002,2,92
58448,9,71
57386,8,94
58002,8,82
58448,10,72
57386,9,88
58002,9,69
58448,15,93
57386,10,94
58002,10,70
58483,0,94
57420,2,94
58002,15,94
58483,2,90
